id,auth_provider,auth_sub,created_at,email,updated_at
8f5a5d33-6fac-49a7-b1ae-1e55cdd96b66,http://macromedia.com,123456789,2024-11-18 22:05:25.000000 +00:00,pmander0@freewebs.com,2024-11-22 13:39:26.000000 +00:00
8fbc526d-f2f4-4aae-a608-bec798212e9d,http://bizjournals.com,123456790,2025-07-18 18:15:35.000000 +00:00,plouw1@cnet.com,2024-10-28 05:08:01.000000 +00:00
9ef38953-3343-40da-9239-1b7dcf2bc28f,https://time.com,123456791,2025-02-12 10:37:48.000000 +00:00,jerdely2@va.gov,2024-10-29 14:07:15.000000 +00:00
2917d983-07fc-460a-a8c3-2bf461b8e3cb,https://google.cn,123456792,2025-01-29 06:49:47.000000 +00:00,krenfield3@disqus.com,2025-07-25 02:19:43.000000 +00:00
9149002e-e726-4d4e-9cb6-1e99ce964906,https://usgs.gov,123456793,2025-09-10 03:54:01.000000 +00:00,mgardner4@dell.com,2025-09-05 04:52:47.000000 +00:00
064603e6-56cc-4ec2-8803-4cd3204aa5aa,https://va.gov,123456794,2025-08-05 21:36:09.000000 +00:00,bunstead5@webs.com,2025-05-29 16:05:34.000000 +00:00
d19ae62a-982b-48ff-a32c-167d0365ccab,http://wix.com,123456795,2025-04-18 09:29:59.000000 +00:00,bnelle6@photobucket.com,2024-11-12 03:05:58.000000 +00:00
5b492064-63f2-4c42-b7fe-f35ddaf85372,https://nationalgeographic.com,123456796,2024-12-31 19:28:08.000000 +00:00,scathcart7@qq.com,2025-08-14 12:27:58.000000 +00:00
d92fb4dd-86f0-4154-89a5-af613dc7fc50,https://smugmug.com,123456797,2025-05-04 17:10:39.000000 +00:00,vewbank8@macromedia.com,2025-03-15 22:14:26.000000 +00:00
5ce49308-c443-4839-8aa5-eaa68d048991,https://livejournal.com,123456798,2025-08-18 15:56:39.000000 +00:00,jkarslake9@jimdo.com,2025-03-12 06:06:48.000000 +00:00
4f8c5d09-4ef9-40bf-be46-4e2d32be29e3,https://hp.com,123456799,2025-08-25 11:41:02.000000 +00:00,apalaa@cornell.edu,2025-04-04 02:38:47.000000 +00:00
8bf82687-2635-4eb3-bcf2-f740a829e5b2,http://bloglines.com,123456800,2024-12-07 23:50:59.000000 +00:00,mgutersonb@com.com,2024-11-12 14:27:33.000000 +00:00
5f5e3fb2-b35d-4f7c-9fcb-e199a103ad22,http://xrea.com,123456801,2025-01-09 15:23:13.000000 +00:00,mlogesc@mayoclinic.com,2025-07-27 11:31:48.000000 +00:00
e90e4ff8-6885-4265-bbf6-2649ed601525,http://ihg.com,123456802,2025-01-08 06:45:58.000000 +00:00,wdarlowd@xinhuanet.com,2025-10-13 08:25:18.000000 +00:00
92bf361a-da86-452c-a5a0-8291b826be42,http://dmoz.org,123456803,2025-09-19 10:12:32.000000 +00:00,ckermeene@bloglovin.com,2025-06-08 19:56:43.000000 +00:00
59215edd-21bf-408d-99af-9295660c98ed,https://furl.net,123456804,2025-03-03 06:47:12.000000 +00:00,tlydsterf@wsj.com,2025-05-17 08:36:03.000000 +00:00
f3df07c6-51d4-49af-af7b-1e7470302f06,http://go.com,123456805,2025-06-07 03:07:49.000000 +00:00,spidduckg@apache.org,2024-10-23 09:26:20.000000 +00:00
9d849f43-e68a-485e-9b9e-10d3319650a0,http://privacy.gov.au,123456806,2025-01-14 15:05:24.000000 +00:00,cmacsweeneyh@squarespace.com,2025-06-14 19:24:07.000000 +00:00
a5b1776c-510d-46de-830f-48a68304dd43,http://salon.com,123456807,2025-01-01 22:49:37.000000 +00:00,wstannasi@cloudflare.com,2025-07-20 23:47:27.000000 +00:00
f9691a45-c96b-4eaa-afc7-ad0f1e41dcb5,https://comsenz.com,123456808,2025-02-22 05:48:12.000000 +00:00,lkroppj@archive.org,2025-10-08 18:32:05.000000 +00:00
8c22a595-ebc0-49c8-9b73-bd5f39928723,http://webs.com,123456809,2025-01-27 09:32:21.000000 +00:00,lbowhayk@purevolume.com,2025-02-12 08:05:25.000000 +00:00
c3bcbf81-5752-4c54-af39-c87b569e540d,https://unesco.org,123456810,2025-03-21 14:40:09.000000 +00:00,bcamossol@indiatimes.com,2025-10-07 13:19:24.000000 +00:00
fbe7368b-a749-4896-bd1b-ab3d32725f19,http://istockphoto.com,123456811,2025-06-30 21:46:20.000000 +00:00,thalfacrem@squarespace.com,2025-08-04 18:54:30.000000 +00:00
1b3235b7-e611-4b42-b0e5-cd11912a7c7c,https://i2i.jp,123456812,2025-05-14 05:34:13.000000 +00:00,ckeepinn@goo.gl,2025-03-16 11:48:39.000000 +00:00
ed0a679b-fe3e-4da2-8f7e-8db19f0effd1,https://theglobeandmail.com,123456813,2025-09-06 12:48:55.000000 +00:00,llearoydo@trellian.com,2024-12-28 12:05:28.000000 +00:00
9c9ad8be-e2b3-46a4-8a79-15278495a53c,http://blogtalkradio.com,123456814,2025-07-15 14:39:32.000000 +00:00,etownsleyp@1und1.de,2025-05-31 08:00:14.000000 +00:00
91569fd0-da89-4c0b-b4e7-5ec6ff8c379d,https://stumbleupon.com,123456815,2025-07-05 05:04:03.000000 +00:00,fhackingq@businessinsider.com,2024-12-10 00:09:56.000000 +00:00
7f48b4ee-80c4-4047-a0f0-517ab3c4c9ee,http://google.pl,123456816,2025-01-22 14:21:25.000000 +00:00,cleynhamr@domainmarket.com,2025-08-14 18:55:01.000000 +00:00
798596e4-464a-442e-8712-6e6cb725624f,https://oracle.com,123456817,2025-01-15 00:38:23.000000 +00:00,tpitchfords@cafepress.com,2024-12-30 15:45:03.000000 +00:00
bd3123a5-5b49-4980-94bd-5b29d22a43fc,http://pen.io,123456818,2025-09-14 08:53:03.000000 +00:00,bmacgilpatrickt@amazonaws.com,2025-08-23 11:52:57.000000 +00:00
